<?xml version="1.0" encoding="UTF-8"?>
 <!DOCTYPE struts PUBLIC
	"-//Apache Software Foundation//DTD Struts Configuration 2.1//EN"
	"http://struts.apache.org/dtds/struts-2.1.dtd">
<struts>
	<constant name="struts.objectFactory" value="org.apache.struts2.spring.StrutsSpringObjectFactory"></constant>
	<package name="default" extends="struts-default">
		<action name="CreateUser" class="Create">
			<result name="Success">/success.jsp</result>
			<result name="Failure">/failure.jsp</result>
		</action>
	</package>
</struts>
